Player_Id,Player_Name,Player_fuzzy_reference_Name,Images
0,Unknown Player,Unknown Player,https://www.pngkit.com/png/full/799-7998601_profile-placeholder-person-icon.png
1,SC Ganguly,Sourav Chandidas Ganguly,https://img1.hscicdn.com/image/upload/f_auto/lsci/db/PICTURES/CMS/303200/303264.jpg
2,BB McCullum,Brendon Barrie McCullum,https://img1.hscicdn.com/image/upload/f_auto/lsci/db/PICTURES/CMS/303600/303636.png
3,RT Ponting,Ricky Thomas Ponting,https://img1.hscicdn.com/image/upload/f_auto/lsci/db/PICTURES/CMS/202600/202613.1.jpg
4,DJ Hussey,David John Hussey,https://img1.hscicdn.com/image/upload/f_auto/lsci/db/PICTURES/CMS/202500/202593.1.jpg
5,Mohammad Hafeez,Mohammad Hafeez,https://img1.hscicdn.com/image/upload/f_auto/lsci/db/PICTURES/CMS/302800/302841.jpg
6,R Dravid,Rahul Dravid,"https://img1.hscicdn.com/image/upload/f_auto,t_ds_square_w_320,q_50/lsci/db/PICTURES/CMS/319900/319948.png"
7,W Jaffer,Wasim Jaffer,https://img1.hscicdn.com/image/upload/f_auto/lsci/db/PICTURES/CMS/302500/302503.jpg
8,V Kohli,Virat Kohli,"https://img1.hscicdn.com/image/upload/f_auto,t_ds_square_w_320,q_50/lsci/db/PICTURES/CMS/316600/316605.png"
9,JH Kallis,Jacques Henry Kallis,https://img1.hscicdn.com/image/upload/f_auto/lsci/db/PICTURES/CMS/203100/203133.1.jpg
10,CL White,Cameron Leon White,https://img1.hscicdn.com/image/upload/f_auto/lsci/db/PICTURES/CMS/202600/202623.1.jpg
11,MV Boucher,Mark Verdon Boucher,"https://img1.hscicdn.com/image/upload/f_auto,t_ds_square_w_320,q_50/lsci/db/PICTURES/CMS/320300/320381.png"
12,B Akhil,Balachandra Akhil,"https://img1.hscicdn.com/image/upload/f_auto,t_h_100_2x/lsci/db/PICTURES/DB/011999/003583.gif"
13,AA Noffke,Ashley Allan Noffke,"https://img1.hscicdn.com/image/upload/f_auto,t_h_100_2x/lsci/db/PICTURES/CMS/109200/109209.1.jpg"
14,P Kumar,Praveen Kumar,https://img1.hscicdn.com/image/upload/f_auto/lsci/db/PICTURES/CMS/335600/335643.4.jpg
15,Z Khan,Zaheer Khan,"https://img1.hscicdn.com/image/upload/f_auto,t_ds_square_w_320,q_50/lsci/db/PICTURES/CMS/319900/319956.png"
16,SB Joshi,Sunil Bandacharya Joshi,"https://img1.hscicdn.com/image/upload/f_auto,t_h_100_2x/lsci/db/PICTURES/CMS/140700/140759.jpg"
17,PA Patel,Parthiv Ajay Patel,https://img1.hscicdn.com/image/upload/f_auto/lsci/db/PICTURES/CMS/304200/304218.png
18,ML Hayden,Matthew Lawrence Hayden,https://img1.hscicdn.com/image/upload/f_auto/lsci/db/PICTURES/CMS/357000/357083.4.jpg
19,MEK Hussey,Michael Edward Killeen Hussey,"https://img1.hscicdn.com/image/upload/f_auto,t_ds_square_w_320,q_50/lsci/db/PICTURES/CMS/319700/319708.png"
20,MS Dhoni,Mahendra Singh Dhoni,"https://img1.hscicdn.com/image/upload/f_auto,t_ds_square_w_320,q_50/lsci/db/PICTURES/CMS/319900/319946.png"
21,SK Raina,Suresh Kumar Raina,https://img1.hscicdn.com/image/upload/f_auto/lsci/db/PICTURES/CMS/304200/304224.png
22,JDP Oram,Jacob David Philip Oram,https://img1.hscicdn.com/image/upload/f_auto/lsci/db/PICTURES/CMS/303600/303646.png
23,S Badrinath,Subramaniam Badrinath,https://img1.hscicdn.com/image/upload/f_auto/lsci/db/PICTURES/CMS/302300/302389.jpg
24,K Goel,Karan Goel,https://img1.hscicdn.com/image/upload/f_auto/lsci/db/PICTURES/CMS/82200/82201.1.jpg
25,JR Hopes,James Redfern Hopes,https://img1.hscicdn.com/image/upload/f_auto/lsci/db/PICTURES/CMS/103900/103971.1.jpg
26,KC Sangakkara,Kumar Chokshanada Sangakkara,"https://img1.hscicdn.com/image/upload/f_auto,t_ds_square_w_320,q_50/lsci/db/PICTURES/CMS/316500/316500.png"
27,Yuvraj Singh,Yuvraj Singh,"https://img1.hscicdn.com/image/upload/f_auto,t_ds_square_w_320,q_50/lsci/db/PICTURES/CMS/316400/316495.png"
28,SM Katich,Simon Matthew Katich,https://img1.hscicdn.com/image/upload/f_auto/lsci/db/PICTURES/CMS/156600/156673.1.jpg
29,IK Pathan,Irfan Khan Pathan,"https://img1.hscicdn.com/image/upload/f_auto,t_ds_square_w_320,q_50/lsci/db/PICTURES/CMS/319900/319939.png"
30,TS Kohli,Taruwar Sushil Kohli,https://img1.hscicdn.com/image/upload/f_auto/lsci/db/PICTURES/CMS/109800/109871.1.jpg
31,YK Pathan,Yusuf Khan Pathan,https://img1.hscicdn.com/image/upload/f_auto/lsci/db/PICTURES/CMS/202700/202769.1.jpg
32,SR Watson,Shane Robert Watson,https://img1.hscicdn.com/image/upload/f_auto/lsci/db/PICTURES/CMS/202600/202621.1.jpg
33,M Kaif,Mohammad Kaif,https://img1.hscicdn.com/image/upload/f_auto/lsci/db/PICTURES/CMS/302400/302496.jpg
34,DS Lehmann,Darren Scott Lehmann,"https://img1.hscicdn.com/image/upload/f_auto,t_ds_square_w_320,q_50/lsci/db/PICTURES/CMS/331200/331228.png"
35,RA Jadeja,Ravindra Anirudhsinh Jadeja,https://img1.hscicdn.com/image/upload/f_auto/lsci/db/PICTURES/CMS/302300/302394.jpg
36,M Rawat,Mahesh Rawat,"https://img1.hscicdn.com/image/upload/f_auto,t_h_100_2x/lsci/db/PICTURES/CMS/110700/110776.1.jpg"
37,D Salunkhe,Dinesh Salunkhe,https://nettv4u.com/imagine/28-10-2020/dinesh-salunkhe.jpg
38,SK Warne,Shane Keith Warne,"https://img1.hscicdn.com/image/upload/f_auto,t_ds_square_w_320,q_50/lsci/db/PICTURES/CMS/319700/319712.png"
39,SK Trivedi,Siddharth Kishorkumar Trivedi,"https://img1.hscicdn.com/image/upload/f_auto,t_h_100_2x/lsci/db/PICTURES/CMS/304000/304055.jpg"
40,G Gambhir,Gautam Gambhir,"https://img1.hscicdn.com/image/upload/f_auto,t_ds_square_w_320,q_50/lsci/db/PICTURES/CMS/319900/319935.png"
41,V Sehwag,Virender Sehwag,"https://img1.hscicdn.com/image/upload/f_auto,t_ds_square_w_320,q_50/lsci/db/PICTURES/CMS/319900/319953.png"
42,S Dhawan,Shikhar Dhawan,"https://img1.hscicdn.com/image/upload/f_auto,t_ds_square_w_320,q_50/lsci/db/PICTURES/CMS/316500/316524.png"
43,L Ronchi,Luke Ronchi,https://img1.hscicdn.com/image/upload/f_auto/lsci/db/PICTURES/CMS/303600/303605.jpg
44,ST Jayasuriya,Sanath Teran Jayasuriya,https://img1.hscicdn.com/image/upload/f_auto/lsci/db/PICTURES/CMS/304900/304919.jpg
45,DJ Thornely,Dominic John Thornely,https://img1.hscicdn.com/image/upload/f_auto/lsci/db/PICTURES/CMS/107900/107943.1.jpg
46,RV Uthappa,Robin Venu Uthappa,"https://img1.hscicdn.com/image/upload/f_auto,t_ds_square_w_320,q_50/lsci/db/PICTURES/CMS/322500/322555.png"
47,PR Shah,Pinal Rajnikant Shah,https://img1.hscicdn.com/image/upload/f_auto/lsci/db/PICTURES/CMS/67200/67293.1.jpg
48,AM Nayar,Abhishek Mohan Nayar,https://img1.hscicdn.com/image/upload/f_auto/lsci/db/PICTURES/CMS/108400/108442.1.jpg
49,SM Pollock,Shaun Maclean Pollock,https://img1.hscicdn.com/image/upload/f_auto/lsci/db/PICTURES/CMS/66100/66162.1.jpg
50,Harbhajan Singh,Harbhajan Singh,https://img1.hscicdn.com/image/upload/f_auto/lsci/db/PICTURES/CMS/302400/302494.jpg
51,S Chanderpaul,Shivnarine Chanderpaul,https://img1.hscicdn.com/image/upload/f_auto/lsci/db/PICTURES/CMS/203900/203965.1.jpg
52,Ross Taylor,Ross Taylor,"https://img1.hscicdn.com/image/upload/f_auto,t_ds_square_w_320,q_50/lsci/db/PICTURES/CMS/316500/316538.png"
53,AC Gilchrist,Adam Craig Gilchrist,"https://img1.hscicdn.com/image/upload/f_auto,t_ds_square_w_320,q_50/lsci/db/PICTURES/CMS/321500/321545.png"
54,Y Venugopal Rao,Yalaka Venugopal Rao,"https://img1.hscicdn.com/image/upload/f_auto,t_h_100_2x/lsci/db/PICTURES/CMS/302500/302585.jpg"
55,VVS Laxman,Vangipurapu Venkata Sai Laxman,"https://img1.hscicdn.com/image/upload/f_auto,t_ds_square_w_320,q_50/lsci/db/PICTURES/CMS/372700/372771.png"
56,A Symonds,Andrew Symonds,"https://img1.hscicdn.com/image/upload/f_auto,t_ds_square_w_320,q_50/lsci/db/PICTURES/CMS/319600/319686.png"
57,RG Sharma,Rohit Gurunath Sharma,"https://img1.hscicdn.com/image/upload/f_auto,t_ds_square_w_320,q_50/lsci/db/PICTURES/CMS/316500/316584.png"
58,SB Styris,Scott Bernard Styris,"https://img1.hscicdn.com/image/upload/f_auto,t_ds_square_w_320,q_50/lsci/db/PICTURES/CMS/319700/319798.png"
59,SB Bangar,Sanjay Bapusaheb Bangar,"https://img1.hscicdn.com/image/upload/f_auto,t_h_100_2x/lsci/db/PICTURES/CMS/302400/302404.jpg"
60,Chaminda Vaas,Chaminda Vaas,"https://img1.hscicdn.com/image/upload/f_auto,t_ds_square_w_320,q_50/lsci/db/PICTURES/CMS/319800/319855.png"
61,RP Singh,Rudra Pratap Singh,"https://img1.hscicdn.com/image/upload/f_auto,t_h_100_2x/lsci/db/PICTURES/CMS/304200/304222.png"
62,WP Saha,Wriddhiman Prasanta Saha,"https://img1.hscicdn.com/image/upload/f_auto,t_ds_square_w_320,q_50/lsci/db/PICTURES/CMS/323000/323033.png"
63,LR Shukla,Laxmi Ratan Shukla,"https://img1.hscicdn.com/image/upload/f_auto,t_h_100_2x/lsci/db/PICTURES/CMS/302500/302571.jpg"
64,DPMD Jayawardene,Denagamage Praboth Mahela de Silva Jayawardene,"https://img1.hscicdn.com/image/upload/f_auto,t_ds_square_w_320,q_50/lsci/db/PICTURES/CMS/316400/316489.png"
65,S Sohal,Sunny Sohal,"https://img1.hscicdn.com/image/upload/f_auto,t_h_100_2x/lsci/db/PICTURES/CMS/280300/280308.1.jpg"
66,B Lee,Brett Lee,"https://img1.hscicdn.com/image/upload/f_auto,t_ds_square_w_320,q_50/lsci/db/PICTURES/CMS/319600/319688.png"
67,PP Chawla,Piyush Pramod Chawla,"https://img1.hscicdn.com/image/upload/f_auto,t_ds_square_w_320,q_50/lsci/db/PICTURES/CMS/322200/322272.png"
68,WA Mota,Wilkin Arvind Mota,https://www.sportsradiointerviews.com/wp-content/uploads/2020/02/WilkinMota1-1.jpg
69,Kamran Akmal,Kamran Akmal,"https://img1.hscicdn.com/image/upload/f_auto,t_ds_square_w_320,q_50/lsci/db/PICTURES/CMS/320400/320456.png"
70,Shahid Afridi,Sahibzada Mohammad Shahid Khan Afridi,"https://img1.hscicdn.com/image/upload/f_auto,t_ds_square_w_320,q_50/lsci/db/PICTURES/CMS/316400/316487.png"
71,DJ Bravo,Dwayne John Bravo,"https://img1.hscicdn.com/image/upload/f_auto,t_ds_square_w_320,q_50/lsci/db/PICTURES/CMS/320000/320092.png"
72,MA Khote,Mehboob Alam Khote,"https://img1.hscicdn.com/image/upload/f_auto,t_h_100_2x/lsci/db/PICTURES/CMS/259900/259970.1.jpg"
73,A Nehra,Ashish Nehra,"https://img1.hscicdn.com/image/upload/f_auto,t_ds_square_w_320,q_50/lsci/db/PICTURES/CMS/319900/319931.png"
74,GC Smith,Graeme Craig Smith,"https://img1.hscicdn.com/image/upload/f_auto,t_ds_square_w_320,q_50/lsci/db/PICTURES/CMS/320300/320346.png"
75,Pankaj Singh,Pankaj Singh,"https://img1.hscicdn.com/image/upload/f_auto,t_h_100_2x/lsci/db/PICTURES/CMS/304200/304217.png"
76,RR Sarwan,Ramnaresh Ronnie Sarwan,"https://img1.hscicdn.com/image/upload/f_auto,t_ds_square_w_320,q_50/lsci/db/PICTURES/CMS/320100/320110.png"
77,S Sreesanth,Shanthakumaran Sreesanth,"https://img1.hscicdn.com/image/upload/f_auto,t_ds_square_w_320,q_50/lsci/db/PICTURES/CMS/322200/322270.png"
78,Vikram Raj Singh,Vikram Raj Singh,"https://img1.hscicdn.com/image/upload/f_auto,t_h_100_2x/lsci/db/PICTURES/CMS/304200/304227.png"
79,SS Tiwary,Saurabh Sunil Tiwary,"https://img1.hscicdn.com/image/upload/f_auto,t_ds_square_w_320,q_50/lsci/db/PICTURES/CMS/322200/322271.png"
80,DS Kulkarni,Dhawal Sunil Kulkarni,"https://img1.hscicdn.com/image/upload/f_auto,t_ds_square_w_320,q_50/lsci/db/PICTURES/CMS/316600/316621.png"
81,R Vinay Kumar,Ranganath Vinay Kumar,"https://img1.hscicdn.com/image/upload/f_auto,t_ds_square_w_320,q_50/lsci/db/PICTURES/CMS/322200/322246.png"
82,AB Agarkar,Ajit Bhalchandra Agarkar,"https://img1.hscicdn.com/image/upload/f_auto,t_ds_square_w_320,q_50/lsci/db/PICTURES/CMS/319900/319929.png"
83,M Kartik,Murali Kartik,"https://img1.hscicdn.com/image/upload/f_auto,t_h_100_2x/lsci/db/PICTURES/CMS/302400/302499.jpg"
84,Ishant Sharma,Ishant Sharma,"https://img1.hscicdn.com/image/upload/f_auto,t_ds_square_w_320,q_50/lsci/db/PICTURES/CMS/316600/316602.png"
85,AM Rahane,Ajinkya Madhukar Rahane,"https://img1.hscicdn.com/image/upload/f_auto,t_ds_square_w_320,q_50/lsci/db/PICTURES/CMS/316600/316620.png"
86,Shoaib Malik,Shoaib Malik,"https://img1.hscicdn.com/image/upload/f_auto,t_ds_square_w_320,q_50/lsci/db/PICTURES/CMS/320400/320470.png"
87,MK Tiwary,Manoj Kumar Tiwary,"https://img1.hscicdn.com/image/upload/f_auto,t_ds_square_w_320,q_50/lsci/db/PICTURES/CMS/322600/322616.png"
88,Krishnakumar Dinesh Karthik,Krishnakumar Dinesh Karthik,"https://img1.hscicdn.com/image/upload/f_auto,t_ds_square_w_320,q_50/lsci/db/PICTURES/CMS/319900/319934.png"
89,R Bhatia,Rajat Bhatia,"https://img1.hscicdn.com/image/upload/f_auto,t_h_100_2x/lsci/db/PICTURES/CMS/109200/109204.jpg"
90,MF Maharoof,Mohamed Farveez Maharoof,"https://img1.hscicdn.com/image/upload/f_auto,t_ds_square_w_320,q_50/lsci/db/PICTURES/CMS/319800/319863.png"
91,VY Mahesh,Vijay Yadav Mahesh,https://i.ndtvimg.com/i/2017-07/vijay-yadav-facebook_806x605_51500573262.jpg
92,TM Srivastava,Tanmay Manoj Srivastava,"https://img1.hscicdn.com/image/upload/f_auto,t_h_100_2x/lsci/db/PICTURES/CMS/110900/110913.1.jpg"
93,B Chipli,Bharat Chipli,"https://img1.hscicdn.com/image/upload/f_auto,t_h_100_2x/lsci/db/PICTURES/CMS/131700/131740.3.jpg"
94,DW Steyn,Dale Willem Steyn,"https://img1.hscicdn.com/image/upload/f_auto,t_ds_square_w_320,q_50/lsci/db/PICTURES/CMS/316500/316566.png"
95,Debabrata Das,Debabrata Das,"https://img1.hscicdn.com/image/upload/f_auto,t_h_100_2x/lsci/db/PICTURES/CMS/67200/67287.1.jpg"
96,MK Pandey,Manish Krishnanand Pandey,"https://img1.hscicdn.com/image/upload/f_auto,t_ds_square_w_320,q_50/lsci/db/PICTURES/CMS/323000/323052.png"
97,HH Gibbs,Herschelle Herman Gibbs,"https://img1.hscicdn.com/image/upload/f_auto,t_ds_square_w_320,q_50/lsci/db/PICTURES/CMS/320300/320356.png"
98,Nuwan Zoysa,Nuwan Zoysa,"https://img1.hscicdn.com/image/upload/f_auto,t_ds_square_w_320,q_50/lsci/db/PICTURES/CMS/319800/319883.png"
99,D Kalyankrishna,Durga Kalyankrishna,"https://img1.hscicdn.com/image/upload/f_auto,t_h_100_2x/lsci/db/PICTURES/CMS/109600/109616.jpg"
100,Shaun Edward Marsh,Shaun Edward Marsh,"https://img1.hscicdn.com/image/upload/f_auto,t_ds_square_w_320,q_50/lsci/db/PICTURES/CMS/316500/316503.png"
101,SA Asnodkar,Swapnil Ashok Asnodkar,"https://img1.hscicdn.com/image/upload/f_auto,t_h_100_2x/lsci/db/PICTURES/CMS/110800/110811.1.jpg"
102,Sohail Tanvir,Sohail Tanvir,"https://img1.hscicdn.com/image/upload/f_auto,t_ds_square_w_320,q_50/lsci/db/PICTURES/CMS/320400/320472.png"
103,Salman Butt,Salman Butt,"https://img1.hscicdn.com/image/upload/f_auto,t_ds_square_w_320,q_50/lsci/db/PICTURES/CMS/320400/320465.png"
104,BJ Hodge,Bradley John Hodge,"https://img1.hscicdn.com/image/upload/f_auto,t_h_100_2x/lsci/db/PICTURES/CMS/146100/146172.1.jpg"
105,Umar Gul,Umar Gul,"https://img1.hscicdn.com/image/upload/f_auto,t_ds_square_w_320,q_50/lsci/db/PICTURES/CMS/320400/320473.png"
106,AB Dinda,Ashok Bhimchandra Dinda,"https://img1.hscicdn.com/image/upload/f_auto,t_h_100_2x/lsci/db/PICTURES/CMS/304200/304270.png"
107,SP Fleming,Stephen Paul Fleming,"https://img1.hscicdn.com/image/upload/f_auto,t_ds_square_w_320,q_50/lsci/db/PICTURES/CMS/319800/319807.png"
108,Vidyut Sivaramakrishnan,Vidyut Sivaramakrishnan,"https://img1.hscicdn.com/image/upload/f_auto,t_h_100_2x/lsci/db/PICTURES/CMS/193100/193133.1.jpg"
109,JA Morkel,Johannes Albertus Morkel,"https://img1.hscicdn.com/image/upload/f_auto,t_ds_square_w_320,q_50/lsci/db/PICTURES/CMS/320300/320327.png"
110,AB de Villiers,Abraham Benjamin de Villiers,"https://img1.hscicdn.com/image/upload/f_auto,t_ds_square_w_320,q_50/lsci/db/PICTURES/CMS/316500/316555.png"
111,Chamara Silva,Chamara Silva,"https://img1.hscicdn.com/image/upload/f_auto,t_ds_square_w_320,q_50/lsci/db/PICTURES/CMS/319800/319854.png"
112,DB Ravi Teja,Donepudi Balaji Ravi Teja,"https://img1.hscicdn.com/image/upload/f_auto,t_h_100_2x/lsci/db/PICTURES/CMS/110800/110890.1.jpg"
113,Misbah ul Haq,Misbah ul Haq,"https://img1.hscicdn.com/image/upload/f_auto,t_ds_square_w_320,q_50/lsci/db/PICTURES/CMS/316500/316527.png"
114,YV Takawale,Yogesh Vijay Takawale,"https://img1.hscicdn.com/image/upload/f_auto,t_h_100_2x/lsci/db/PICTURES/CMS/184200/184261.jpg"
115,RR Raje,Rajesh Ramesh Raje,https://www.pngkit.com/png/full/799-7998601_profile-placeholder-person-icon.png
116,PJ Sangwan,Pradeep Jagannath Sangwan,"https://img1.hscicdn.com/image/upload/f_auto,t_ds_square_w_320,q_50/lsci/db/PICTURES/CMS/340300/340314.png"
117,Mohammad Asif,Mohammad Asif,"https://img1.hscicdn.com/image/upload/f_auto,t_ds_square_w_320,q_50/lsci/db/PICTURES/CMS/322200/322214.png"
118,GD McGrath,Glenn Donald McGrath,"https://img1.hscicdn.com/image/upload/f_auto,t_ds_square_w_320,q_50/lsci/db/PICTURES/CMS/319600/319696.png"
119,Joginder Sharma,Joginder Sharma,"https://img1.hscicdn.com/image/upload/f_auto,t_h_100_2x/lsci/db/PICTURES/CMS/302100/302160.jpg"
120,MS Gony,Manpreet Singh Gony,"https://img1.hscicdn.com/image/upload/f_auto,t_h_100_2x/lsci/db/PICTURES/CMS/302500/302573.jpg"
121,M Muralitharan,Muttiah Muralitharan,"https://img1.hscicdn.com/image/upload/f_auto,t_ds_square_w_320,q_50/lsci/db/PICTURES/CMS/319800/319880.png"
122,M Ntini,Makhaya Ntini,"https://img1.hscicdn.com/image/upload/f_auto,t_ds_square_w_320,q_50/lsci/db/PICTURES/CMS/320300/320380.png"
123,DT Patil,Devraj Thyagaraj Patil,"https://img1.hscicdn.com/image/upload/f_auto,t_h_100_2x/lsci/db/PICTURES/CMS/83200/83231.1.jpg"
124,A Kumble,Anil Kumble,"https://img1.hscicdn.com/image/upload/f_auto,t_ds_square_w_320,q_50/lsci/db/PICTURES/CMS/319900/319930.png"
125,S Anirudha,Sridharan Anirudha,"https://img1.hscicdn.com/image/upload/f_auto,t_h_100_2x/lsci/db/PICTURES/CMS/75600/75615.jpg"
126,MM Patel,Munaf Musa Patel,"https://img1.hscicdn.com/image/upload/f_auto,t_ds_square_w_320,q_50/lsci/db/PICTURES/CMS/322600/322625.png"
127,CK Kapugedera,Chamara Kantha Kapugedera,"https://img1.hscicdn.com/image/upload/f_auto,t_ds_square_w_320,q_50/lsci/db/PICTURES/CMS/319800/319853.png"
128,A Chopra,Aakash Chopra,"https://img1.hscicdn.com/image/upload/f_auto,t_h_100_2x/lsci/db/PICTURES/CMS/302300/302397.jpg"
129,T Taibu,Tatenda Taibu,"https://img1.hscicdn.com/image/upload/f_auto,t_ds_square_w_320,q_50/lsci/db/PICTURES/CMS/320300/320351.png"
130,J Arunkumar,Jagadeesh Arunkumar,"https://img1.hscicdn.com/image/upload/f_auto,t_h_100_2x/lsci/db/PICTURES/CMS/153600/153677.1.jpg"
131,PP Ojha,Pragyan Prayash Ojha,"https://img1.hscicdn.com/image/upload/f_auto,t_ds_square_w_320,q_50/lsci/db/PICTURES/CMS/322600/322694.png"
132,SP Goswami,Shreevats Pratyush Goswami,"https://img1.hscicdn.com/image/upload/f_auto,t_h_100_2x/lsci/db/PICTURES/CMS/309000/309088.png"
133,SR Tendulkar,Sachin Ramesh Tendulkar,"https://img1.hscicdn.com/image/upload/f_auto,t_ds_square_w_320,q_50/lsci/db/PICTURES/CMS/316400/316486.png"
134,U Kaul,Uday Kaul,"https://img1.hscicdn.com/image/upload/f_auto,t_h_100_2x/lsci/db/PICTURES/CMS/87900/87926.jpg"
135,TM Dilshan,Tillakaratne Mudiyanselage Dilshan,"https://img1.hscicdn.com/image/upload/f_auto,t_ds_square_w_320,q_50/lsci/db/PICTURES/CMS/316400/316493.png"
136,A Mishra,Amit Mishra,"https://img1.hscicdn.com/image/upload/f_auto,t_ds_square_w_320,q_50/lsci/db/PICTURES/CMS/323000/323053.png"
137,AD Mascarenhas,Adrian Dimitri Mascarenhas,"https://img1.hscicdn.com/image/upload/f_auto,t_ds_square_w_320,q_50/lsci/db/PICTURES/CMS/322900/322916.png"
138,NK Patel,Niraj Kanubhai Patel,"https://img1.hscicdn.com/image/upload/f_auto,t_h_100_2x/lsci/db/PICTURES/CMS/110800/110821.1.jpg"
139,LA Pomersbach,Luke Anthony Pomersbach,"https://img1.hscicdn.com/image/upload/f_auto,t_h_100_2x/lsci/db/PICTURES/CMS/96000/96059.1.jpg"
140,Iqbal Abdulla,Iqbal Abdulla,"https://img1.hscicdn.com/image/upload/f_auto,t_h_100_2x/lsci/db/PICTURES/CMS/314900/314936.jpg"
141,Younis Khan,Younis Khan,"https://img1.hscicdn.com/image/upload/f_auto,t_ds_square_w_320,q_50/lsci/db/PICTURES/CMS/316500/316512.png"
142,PM Sarvesh Kumar,PM Sarvesh Kumar,https://www.pngkit.com/png/full/799-7998601_profile-placeholder-person-icon.png
143,DP Vijaykumar,Dharmana Praneeth Vijaykumar,https://www.pngkit.com/png/full/799-7998601_profile-placeholder-person-icon.png
144,Shoaib Akhtar,Shoaib Akhtar,"https://img1.hscicdn.com/image/upload/f_auto,t_ds_square_w_320,q_50/lsci/db/PICTURES/CMS/320400/320468.png"
145,Abdur Razzak,Abdur Razzak,"https://img1.hscicdn.com/image/upload/f_auto,t_ds_square_w_320,q_50/lsci/db/PICTURES/CMS/319600/319683.png"
146,H Das,Halhadar Das,"https://img1.hscicdn.com/image/upload/f_auto,t_h_100_2x/lsci/db/PICTURES/CMS/111300/111322.1.jpg"
147,Dwayne Romel Smith,Dwayne Romel Smith,"https://img1.hscicdn.com/image/upload/f_auto,t_ds_square_w_320,q_50/lsci/db/PICTURES/CMS/316500/316547.png"
148,SD Chitnis,Shripad Dattatraya Chitnis,https://www.pngkit.com/png/full/799-7998601_profile-placeholder-person-icon.png
149,Charminda Dharam Fernando,Charminda Dharam Fernando,"https://img1.hscicdn.com/image/upload/f_auto,t_h_100_2x/lsci/db/PICTURES/DB/102004/055193.player.jpg"
150,VS Yeligati,Venugopal Swaminathan Yeligati,"https://img1.hscicdn.com/image/upload/f_auto,t_h_100_2x/lsci/db/PICTURES/CMS/81100/81151.1.jpg"
151,L Balaji,Lakshmipathy Balaji,"https://img1.hscicdn.com/image/upload/f_auto,t_h_100_2x/lsci/db/PICTURES/CMS/304200/304209.png"
152,A Mukund,Abhinav Mukund,"https://img1.hscicdn.com/image/upload/f_auto,t_ds_square_w_320,q_50/lsci/db/PICTURES/CMS/322100/322151.png"
153,RR Powar,Ramesh Rajaram Powar,"https://img1.hscicdn.com/image/upload/f_auto,t_h_100_2x/lsci/db/PICTURES/CMS/302400/302403.jpg"
154,JP Duminy,Jean Paul Duminy,"https://img1.hscicdn.com/image/upload/f_auto,t_ds_square_w_320,q_50/lsci/db/PICTURES/CMS/316500/316542.png"
155,A Flintoff,Andrew Flintoff,"https://img1.hscicdn.com/image/upload/f_auto,t_ds_square_w_320,q_50/lsci/db/PICTURES/CMS/319700/319745.png"
156,T Thushara,Thilan Thushara,"https://img1.hscicdn.com/image/upload/f_auto,t_ds_square_w_320,q_50/lsci/db/PICTURES/CMS/322900/322960.png"
157,JD Ryder,Jesse Daniel Ryder,"https://img1.hscicdn.com/image/upload/f_auto,t_ds_square_w_320,q_50/lsci/db/PICTURES/CMS/319700/319783.png"
158,KP Pietersen,Kevin Peter Pietersen,"https://img1.hscicdn.com/image/upload/f_auto,t_ds_square_w_320,q_50/lsci/db/PICTURES/CMS/319700/319796.png"
159,T Henderson,Tyrone Henderson,"https://img1.hscicdn.com/image/upload/f_auto,t_h_100_2x/lsci/db/PICTURES/CMS/95300/95354.2.jpg"
160,Kamran Khan,Kamran Khan,"https://img1.hscicdn.com/image/upload/f_auto,t_h_100_2x/lsci/db/PICTURES/CMS/364600/364662.4.jpg"
161,RS Bopara,Ravinder Singh Bopara,"https://img1.hscicdn.com/image/upload/f_auto,t_ds_square_w_320,q_50/lsci/db/PICTURES/CMS/316500/316536.png"
162,CH Gayle,Christopher Henry Gayle,"https://img1.hscicdn.com/image/upload/f_auto,t_ds_square_w_320,q_50/lsci/db/PICTURES/CMS/316400/316494.png"
163,MC Henriques,Moises Constantino Henriques,"https://img1.hscicdn.com/image/upload/f_auto,t_ds_square_w_320,q_50/lsci/db/PICTURES/CMS/321500/321588.png"
164,R Bishnoi,Rajesh Bishnoi,"https://img1.hscicdn.com/image/upload/f_auto,t_ds_square_w_320,q_50/lsci/db/PICTURES/CMS/353900/353929.png"
165,FH Edwards,Fidel Henderson Edwards,"https://img1.hscicdn.com/image/upload/f_auto,t_ds_square_w_320,q_50/lsci/db/PICTURES/CMS/320000/320097.png"
166,Karn Sharma,Karn Sharma,"https://img1.hscicdn.com/image/upload/f_auto,t_ds_square_w_320,q_50/lsci/db/PICTURES/CMS/324200/324221.png"
167,PC Valthaty,Paul Chandrashekar Valthaty,"https://img1.hscicdn.com/image/upload/f_auto,t_h_100_2x/lsci/db/PICTURES/CMS/131600/131678.1.jpg"
168,RJ Quiney,Robert John Quiney,"https://img1.hscicdn.com/image/upload/f_auto,t_h_100_2x/lsci/db/PICTURES/CMS/202600/202625.1.jpg"
169,AS Raut,Ameya Sadashiv Raut,https://www.pngkit.com/png/full/799-7998601_profile-placeholder-person-icon.png
170,Yashpal Singh,Yashpal Singh,"https://img1.hscicdn.com/image/upload/f_auto,t_h_100_2x/lsci/db/PICTURES/CMS/342300/342381.gif"
171,M Manhas,Mithun Manhas,"https://img1.hscicdn.com/image/upload/f_auto,t_h_100_2x/lsci/db/PICTURES/CMS/157700/157782.1.jpg"
172,AA Bilakhia,Abhishek Ambubhai Bilakhia,https://www.pngkit.com/png/full/799-7998601_profile-placeholder-person-icon.png
173,AN Ghosh,Abhishek Nand Kishore Ghosh,"https://img1.hscicdn.com/image/upload/f_auto,t_ds_w_1200,q_60/lsci/db/PICTURES/CMS/101400/101470.jpg"
174,BAW Mendis,Balapuwaduge Ajantha Winslow Mendis,"https://img1.hscicdn.com/image/upload/f_auto,t_ds_square_w_320,q_50/lsci/db/PICTURES/CMS/319800/319849.png"
175,DL Vettori,Daniel Luca Vettori,"https://img1.hscicdn.com/image/upload/f_auto,t_ds_square_w_320,q_50/lsci/db/PICTURES/CMS/316400/316488.png"
176,MN van Wyk,Morne Nico van Wyk,"https://img1.hscicdn.com/image/upload/f_auto,t_ds_square_w_320,q_50/lsci/db/PICTURES/CMS/322000/322084.png"
177,RE van der Merwe,Roelof Erasmus van der Merwe,"https://img1.hscicdn.com/image/upload/f_auto,t_ds_square_w_320,q_50/lsci/db/PICTURES/CMS/322500/322596.png"
178,TL Suman,Tirumalasetti Laxmi Suman,"https://img1.hscicdn.com/image/upload/f_auto,t_h_100_2x/lsci/db/PICTURES/CMS/137900/137971.1.jpg"
179,Shoaib Ahmed,Shoaib Ahmed,https://www.pngkit.com/png/full/799-7998601_profile-placeholder-person-icon.png
180,GR Napier,Graham Richard Napier,"https://img1.hscicdn.com/image/upload/f_auto,t_h_100_2x/lsci/db/PICTURES/CMS/144200/144291.1.jpg"
181,KP Appanna,Kotarangada Prabhu Appanna,"https://img1.hscicdn.com/image/upload/f_auto,t_h_100_2x/lsci/db/PICTURES/CMS/82400/82427.1.jpg"
182,LA Carseldine,Lee Andrew Carseldine,"https://img1.hscicdn.com/image/upload/f_auto,t_h_100_2x/lsci/db/PICTURES/CMS/98400/98489.2.jpg"
183,NV Ojha,Naman Vinaykumar Ojha,"https://img1.hscicdn.com/image/upload/f_auto,t_ds_square_w_320,q_50/lsci/db/PICTURES/CMS/322600/322612.png"
184,SM Harwood,Shane Michael Harwood,"https://img1.hscicdn.com/image/upload/f_auto,t_h_100_2x/lsci/db/PICTURES/CMS/93300/93339.1.jpg"
185,M Vijay,Murali Vijay,"https://img1.hscicdn.com/image/upload/f_auto,t_ds_square_w_320,q_50/lsci/db/PICTURES/CMS/322600/322623.png"
186,SB Jakati,Shadab Bashir Jakati,"https://img1.hscicdn.com/image/upload/f_auto,t_h_100_2x/lsci/db/PICTURES/CMS/184300/184391.jpg"
187,DA Warner,David Andrew Warner,"https://img1.hscicdn.com/image/upload/f_auto,t_ds_square_w_320,q_50/lsci/db/PICTURES/CMS/316500/316589.png"
188,RJ Harris,Ryan James Harris,"https://img1.hscicdn.com/image/upload/f_auto,t_ds_square_w_320,q_50/lsci/db/PICTURES/CMS/316500/316520.png"
189,D du Preez,Dillon du Preez,"https://img1.hscicdn.com/image/upload/f_auto,t_h_100_2x/lsci/db/PICTURES/CMS/89900/89952.1.jpg"
190,M Morkel,Morne Morkel,"https://img1.hscicdn.com/image/upload/f_auto,t_ds_square_w_320,q_50/lsci/db/PICTURES/CMS/316500/316570.png"
191,AD Mathews,Angelo Davis Mathews,"https://img1.hscicdn.com/image/upload/f_auto,t_ds_square_w_320,q_50/lsci/db/PICTURES/CMS/355600/355644.png"
192,J Botha,Johan Botha,"https://img1.hscicdn.com/image/upload/f_auto,t_ds_square_w_320,q_50/lsci/db/PICTURES/CMS/320300/320369.png"
193,C Nanda,Chetanya Nanda,https://www.pngkit.com/png/full/799-7998601_profile-placeholder-person-icon.png
194,SL Malinga,Separamadu Lasith Malinga,"https://img1.hscicdn.com/image/upload/f_auto,t_ds_square_w_320,q_50/lsci/db/PICTURES/CMS/316500/316539.png"
195,Mashrafe Mortaza,Mashrafe Bin Mortaza,"https://img1.hscicdn.com/image/upload/f_auto,t_ds_square_w_320,q_50/lsci/db/PICTURES/CMS/316500/316529.png"
196,Amit Singh,Amit Singh,"https://img1.hscicdn.com/image/upload/f_auto,t_h_100_2x/lsci/db/PICTURES/CMS/304000/304054.jpg"
197,GJ Bailey,George John Bailey,"https://img1.hscicdn.com/image/upload/f_auto,t_ds_square_w_320,q_50/lsci/db/PICTURES/CMS/316500/316532.png"
198,AB McDonald,Andrew Barrington McDonald,"https://img1.hscicdn.com/image/upload/f_auto,t_h_100_2x/lsci/db/PICTURES/CMS/146100/146173.1.jpg"
199,Y Nagar,Yogesh Nagar,https://www.sportsradiointerviews.com/wp-content/uploads/2020/02/Yogesh-Nagar-.jpeg
200,Shoaib Shaikh,Shoaib Shaikh,https://www.pngkit.com/png/full/799-7998601_profile-placeholder-person-icon.png
201,Ravichandran Ashwin,Ravichandran Ashwin,"https://img1.hscicdn.com/image/upload/f_auto,t_ds_square_w_320,q_50/lsci/db/PICTURES/CMS/316500/316521.png"
202,Mohammad Ashraful,Mohammad Ashraful,"https://img1.hscicdn.com/image/upload/f_auto,t_ds_square_w_320,q_50/lsci/db/PICTURES/CMS/319700/319729.png"
203,CA Pujara,Cheteshwar Arvind Pujara,"https://img1.hscicdn.com/image/upload/f_auto,t_ds_square_w_320,q_50/lsci/db/PICTURES/CMS/319900/319932.png"
204,OA Shah,Owais Alam Shah,"https://img1.hscicdn.com/image/upload/f_auto,t_ds_square_w_320,q_50/lsci/db/PICTURES/CMS/322900/322922.png"
205,Anirudh Singh,Anirudh Singh,"https://img1.hscicdn.com/image/upload/f_auto,t_h_100_2x/lsci/db/PICTURES/CMS/110100/110125.1.jpg"
206,Jaskaran Singh,Jaskaran Singh,"https://img1.hscicdn.com/image/upload/f_auto,t_h_100_2x/lsci/db/PICTURES/CMS/119000/119038.3.jpg"
207,AP Tare,Aditya Prakash Tare,"https://img1.hscicdn.com/image/upload/f_auto,t_h_100_2x/lsci/db/PICTURES/CMS/308900/308968.png"
208,AT Rayudu,Ambati Thirupathi Rayudu,"https://img1.hscicdn.com/image/upload/f_auto,t_ds_square_w_320,q_50/lsci/db/PICTURES/CMS/316400/316499.png"
209,R Sathish,Rajagopal Sathish,"https://img1.hscicdn.com/image/upload/f_auto,t_h_100_2x/lsci/db/PICTURES/CMS/362300/362343.4.jpg"
210,R McLaren,Ryan McLaren,"https://img1.hscicdn.com/image/upload/f_auto,t_ds_square_w_320,q_50/lsci/db/PICTURES/CMS/320300/320387.png"
211,AA Jhunjhunwala,Abhishek Arunkumar Jhunjhunwala,"https://img1.hscicdn.com/image/upload/f_auto,t_h_100_2x/lsci/db/PICTURES/CMS/144100/144164.jpg"
212,P Dogra,Paras Dogra,"https://img1.hscicdn.com/image/upload/f_auto,t_h_100_2x/lsci/db/PICTURES/CMS/168600/168679.1.jpg"
213,A Uniyal,Avikaran Uniyal,https://www.pngkit.com/png/full/799-7998601_profile-placeholder-person-icon.png
214,MS Bisla,Manvinder Singh Bisla,"https://img1.hscicdn.com/image/upload/f_auto,t_h_100_2x/lsci/db/PICTURES/CMS/146000/146009.jpg"
215,Yusuf Ali Abdulla,Yusuf Ali Abdulla,"https://img1.hscicdn.com/image/upload/f_auto,t_h_100_2x/lsci/db/PICTURES/CMS/104300/104357.1.jpg"
216,EJG Morgan,Eoin Joseph Gerard Morgan,"https://img1.hscicdn.com/image/upload/f_auto,t_ds_square_w_320,q_50/lsci/db/PICTURES/CMS/316500/316564.png"
217,JM Kemp,Justin Miles Kemp,"https://img1.hscicdn.com/image/upload/f_auto,t_ds_square_w_320,q_50/lsci/db/PICTURES/CMS/320300/320373.png"
218,S Tyagi,Sudeep Tyagi,"https://img1.hscicdn.com/image/upload/f_auto,t_h_100_2x/lsci/db/PICTURES/CMS/302500/302582.jpg"
219,RS Gavaskar,Rohan Sunil Gavaskar,"https://img1.hscicdn.com/image/upload/f_auto,t_h_100_2x/lsci/db/PICTURES/CMS/302500/302578.jpg"
220,SE Bond,Shane Edward Bond,"https://img1.hscicdn.com/image/upload/f_auto,t_ds_square_w_320,q_50/lsci/db/PICTURES/CMS/319800/319802.png"
221,KA Pollard,Kieron Adrian Pollard,"https://img1.hscicdn.com/image/upload/f_auto,t_ds_square_w_320,q_50/lsci/db/PICTURES/CMS/320100/320107.png"
222,S Ladda,Sarabjit Ladda,"https://img1.hscicdn.com/image/upload/f_auto,t_h_100_2x/lsci/db/PICTURES/CMS/99200/99201.1.jpg"
223,DP Nannes,Dirk Peter Nannes,"https://img1.hscicdn.com/image/upload/f_auto,t_h_100_2x/lsci/db/PICTURES/CMS/117400/117423.1.jpg"
224,MJ Lumb,Michael John Lumb,"https://img1.hscicdn.com/image/upload/f_auto,t_ds_square_w_320,q_50/lsci/db/PICTURES/CMS/322900/322905.png"
225,DR Martyn,Damien Richard Martyn,"https://img1.hscicdn.com/image/upload/f_auto,t_ds_square_w_320,q_50/lsci/db/PICTURES/CMS/319600/319690.png"
226,S Narwal,Sumit Narwal,"https://img1.hscicdn.com/image/upload/f_auto,t_h_100_2x/lsci/db/PICTURES/CMS/84700/84748.1.jpg"
227,AB Barath,Adrian Boris Barath,"https://img1.hscicdn.com/image/upload/f_auto,t_ds_square_w_320,q_50/lsci/db/PICTURES/CMS/326100/326137.png"
228,Bipul Sharma,Bipul Sharma,"https://img1.hscicdn.com/image/upload/f_auto,t_h_100_2x/lsci/db/PICTURES/CMS/282200/282220.1.jpg"
229,FY Fazal,Faiz Yakub Fazal,"https://img1.hscicdn.com/image/upload/f_auto,t_h_100_2x/lsci/db/PICTURES/CMS/187300/187319.5.jpg"
230,AC Voges,Adam Charles Voges,"https://img1.hscicdn.com/image/upload/f_auto,t_ds_square_w_320,q_50/lsci/db/PICTURES/CMS/321500/321547.png"
231,Mohnish Mishra,Mohnish Mishra,"https://img1.hscicdn.com/image/upload/f_auto,t_h_100_2x/lsci/db/PICTURES/CMS/118000/118087.1.jpg"
232,Umeshkumar Tilak Yadav,Umeshkumar Tilak Yadav,"https://img1.hscicdn.com/image/upload/f_auto,t_ds_square_w_320,q_50/lsci/db/PICTURES/CMS/316600/316667.png"
233,J Theron,Juan Theron,"https://img1.hscicdn.com/image/upload/f_auto,t_ds_square_w_320,q_50/lsci/db/PICTURES/CMS/322000/322092.png"
234,Shalabh Jagdishprasad Srivastava,Shalabh Jagdishprasad Srivastava,"https://img1.hscicdn.com/image/upload/f_auto,t_h_100_2x/lsci/db/PICTURES/DB/102000/016960.jpg"
235,R Sharma,Rahul Sharma,"https://img1.hscicdn.com/image/upload/f_auto,t_h_100_2x/lsci/db/PICTURES/CMS/302500/302575.jpg"
236,Mandeep Singh,Mandeep Singh,"https://img1.hscicdn.com/image/upload/f_auto,t_ds_square_w_320,q_50/lsci/db/PICTURES/CMS/322600/322610.png"
237,KM Jadhav,Kedar Mahadav Jadhav,"https://img1.hscicdn.com/image/upload/f_auto,t_ds_square_w_320,q_50/lsci/db/PICTURES/CMS/323000/323031.png"
238,SW Tait,Shaun William Tait,"https://img1.hscicdn.com/image/upload/f_auto,t_ds_square_w_320,q_50/lsci/db/PICTURES/CMS/321500/321590.png"
239,KB Arun Karthik,Krishnakumar Balakrishnan Arun Karthik,"https://img1.hscicdn.com/image/upload/f_auto,t_h_100_2x/lsci/db/PICTURES/CMS/362400/362423.4.jpg"
240,KAJ Roach,Kemar Andre Jamal Roach,"https://img1.hscicdn.com/image/upload/f_auto,t_ds_square_w_320,q_50/lsci/db/PICTURES/CMS/316500/316595.png"
241,PD Collingwood,Paul David Collingwood,"https://img1.hscicdn.com/image/upload/f_auto,t_ds_square_w_320,q_50/lsci/db/PICTURES/CMS/319800/319806.png"
242,CK Langeveldt,Charl Kenneth Langeveldt,"https://img1.hscicdn.com/image/upload/f_auto,t_ds_square_w_320,q_50/lsci/db/PICTURES/CMS/320300/320341.png"
243,VS Malik,Vivek Sharma Malik,https://www.pngkit.com/png/full/799-7998601_profile-placeholder-person-icon.png
244,Abhimanyu Mithun,Abhimanyu Mithun,"https://img1.hscicdn.com/image/upload/f_auto,t_h_100_2x/lsci/db/PICTURES/CMS/302300/302386.jpg"
245,AP Dole,Anand Prakash Dole,https://www.pngkit.com/png/full/799-7998601_profile-placeholder-person-icon.png
246,AN Ahmed,Abu Nechim Ahmed,"https://img1.hscicdn.com/image/upload/f_auto,t_h_100_2x/lsci/db/PICTURES/CMS/110200/110269.1.jpg"
247,RS Sodhi,Reetinder Singh Sodhi,"https://img1.hscicdn.com/image/upload/f_auto,t_h_100_2x/lsci/db/PICTURES/CMS/67300/67325.1.jpg"
248,Douglas Erwin Bollinger,Douglas Erwin Bollinger,"https://img1.hscicdn.com/image/upload/f_auto,t_ds_square_w_320,q_50/lsci/db/PICTURES/CMS/321500/321576.png"
249,S Sriram,Sridharan Sriram,"https://img1.hscicdn.com/image/upload/f_auto,t_h_100_2x/lsci/db/PICTURES/CMS/302500/302581.jpg"
250,B Sumanth,Bodapati Sumanth,"https://img1.hscicdn.com/image/upload/f_auto,t_h_100_2x/lsci/db/PICTURES/CMS/109600/109615.jpg"
251,C Madan,Chandan Madan,"https://img1.hscicdn.com/image/upload/f_auto,t_h_100_2x/lsci/db/PICTURES/CMS/109800/109856.1.jpg"
252,AG Paunikar,Anup Ganesh Paunikar,"https://img1.hscicdn.com/image/upload/f_auto,t_h_100_2x/lsci/db/PICTURES/CMS/110700/110781.1.jpg"
253,Mitchell Ross Marsh,Mitchell Ross Marsh,"https://img1.hscicdn.com/image/upload/f_auto,t_ds_square_w_320,q_50/lsci/db/PICTURES/CMS/316600/316612.png"
254,AJ Finch,Aaron James Finch,"https://img1.hscicdn.com/image/upload/f_auto,t_ds_square_w_320,q_50/lsci/db/PICTURES/CMS/316500/316533.png"
255,STR Binny,Stuart Terence Roger Binny,"https://img1.hscicdn.com/image/upload/f_auto,t_ds_square_w_320,q_50/lsci/db/PICTURES/CMS/316500/316514.png"
256,Harmeet Singh,Harmeet Singh,"https://img1.hscicdn.com/image/upload/f_auto,t_h_100_2x/lsci/db/PICTURES/CMS/148400/148408.jpg"
257,IR Jaggi,Ishank Rajiv Jaggi,"https://img1.hscicdn.com/image/upload/f_auto,t_h_100_2x/lsci/db/PICTURES/CMS/107100/107120.1.jpg"
258,DT Christian,Daniel Trevor Christian,"https://img1.hscicdn.com/image/upload/f_auto,t_ds_square_w_320,q_50/lsci/db/PICTURES/CMS/321500/321572.png"
259,RV Gomez,Raiphi Vincent Gomez,"https://img1.hscicdn.com/image/upload/f_auto,t_h_100_2x/lsci/db/PICTURES/CMS/379300/379308.1.png"
260,MA Agarwal,Mayank Anurag Agarwal,"https://img1.hscicdn.com/image/upload/f_auto,t_ds_square_w_320,q_50/lsci/db/PICTURES/CMS/322600/322626.png"
261,Abid Ubaidulla Khan Pathan,Abid Ubaidulla Khan Pathan,https://www.pngkit.com/png/full/799-7998601_profile-placeholder-person-icon.png
262,UBT Chand,Unmukt Bharadwaj Chand,"https://img1.hscicdn.com/image/upload/f_auto,t_h_100_2x/lsci/db/PICTURES/CMS/148100/148179.jpg"
263,DJ Jacobs,Davy Jacobs,"https://img1.hscicdn.com/image/upload/f_auto,t_ds_square_w_320,q_50/lsci/db/PICTURES/CMS/321200/321261.png"
264,Sunny Singh,Sunny Singh,https://www.pngkit.com/png/full/799-7998601_profile-placeholder-person-icon.png
265,NJ Rimmington,Nathan John Rimmington,"https://img1.hscicdn.com/image/upload/f_auto,t_h_100_2x/lsci/db/PICTURES/CMS/302100/302122.1.jpg"
266,Ashok Lakshminarayan Menaria,Ashok Lakshminarayan Menaria,"https://img1.hscicdn.com/image/upload/f_auto,t_h_100_2x/lsci/db/PICTURES/CMS/315000/315011.jpg"
267,WD Parnell,Wayne Dillon Parnell,"https://img1.hscicdn.com/image/upload/f_auto,t_ds_square_w_320,q_50/lsci/db/PICTURES/CMS/316600/316608.png"
268,JJ van der Wath,Johannes Jacobus van der Wath,"https://img1.hscicdn.com/image/upload/f_auto,t_ds_square_w_320,q_50/lsci/db/PICTURES/CMS/322100/322119.png"
269,R Ninan,Ryan Ninan,"https://img1.hscicdn.com/image/upload/f_auto,t_h_100_2x/lsci/db/PICTURES/CMS/90600/90634.jpg"
270,S Aravind,Sreenath Aravind,"https://img1.hscicdn.com/image/upload/f_auto,t_h_100_2x/lsci/db/PICTURES/CMS/127800/127895.1.jpg"
271,MS Wade,Matthew Scott Wade,"https://img1.hscicdn.com/image/upload/f_auto,t_ds_square_w_320,q_50/lsci/db/PICTURES/CMS/316500/316594.png"
272,TD Paine,Timothy David Paine,"https://img1.hscicdn.com/image/upload/f_auto,t_ds_square_w_320,q_50/lsci/db/PICTURES/CMS/319700/319715.png"
273,SB Wagh,Shrikant Bhaskar Wagh,"https://img1.hscicdn.com/image/upload/f_auto,t_h_100_2x/lsci/db/PICTURES/CMS/203500/203579.1.jpg"
274,Alfonso Clive Thomas,Alfonso Clive Thomas,"https://img1.hscicdn.com/image/upload/f_auto,t_h_100_2x/lsci/db/PICTURES/CMS/131500/131505.1.jpg"
275,JEC Franklin,James Edward Charles Franklin,"https://img1.hscicdn.com/image/upload/f_auto,t_ds_square_w_320,q_50/lsci/db/PICTURES/CMS/319700/319780.png"
276,Shakib Al Hasan,Shakib Al Hasan,"https://img1.hscicdn.com/image/upload/f_auto,t_ds_square_w_320,q_50/lsci/db/PICTURES/CMS/316500/316581.png"
277,DH Yagn,Dishant Harendra Yagnik,"https://img1.hscicdn.com/image/upload/f_auto,t_h_100_2x/lsci/db/PICTURES/CMS/141200/141248.1.jpg"
278,S Randiv,Suraj Randiv,"https://img1.hscicdn.com/image/upload/f_auto,t_ds_square_w_320,q_50/lsci/db/PICTURES/CMS/322900/322945.png"
279,BJ Haddin,Bradley James Haddin,"https://img1.hscicdn.com/image/upload/f_auto,t_ds_square_w_320,q_50/lsci/db/PICTURES/CMS/316400/316491.png"
280,Nuwan Loku Tharanga Perera,Nuwan Loku Tharanga Perera,"https://img1.hscicdn.com/image/upload/f_auto,t_h_100_2x/lsci/db/PICTURES/CMS/117800/117815.jpg"
281,NL McCullum,Nathan Leslie McCullum,"https://img1.hscicdn.com/image/upload/f_auto,t_ds_square_w_320,q_50/lsci/db/PICTURES/CMS/316500/316510.png"
282,JE Taylor,Jerome Everton Taylor,"https://img1.hscicdn.com/image/upload/f_auto,t_ds_square_w_320,q_50/lsci/db/PICTURES/CMS/316500/316556.png"
283,J Syed Mohammad,J Syed Mohammad,"https://img1.hscicdn.com/image/upload/f_auto,t_h_100_2x/lsci/db/PICTURES/CMS/235900/235965.1.jpg"
284,RN ten Doeschate,Ryan Neil ten Doeschate,"https://img1.hscicdn.com/image/upload/f_auto,t_ds_square_w_320,q_50/lsci/db/PICTURES/CMS/322500/322586.png"
285,TR Birt,Travis Rodney Birt,"https://img1.hscicdn.com/image/upload/f_auto,t_h_100_2x/lsci/db/PICTURES/CMS/66700/66763.jpg"
286,AG Murtaza,Ali Ghulam Murtaza,https://www.pngkit.com/png/full/799-7998601_profile-placeholder-person-icon.png
287,Harpreet Singh,Harpreet Singh,"https://img1.hscicdn.com/image/upload/f_auto,t_ds_square_w_320,q_50/lsci/db/PICTURES/CMS/380600/380687.png"
288,M Klinger,Michael Klinger,"https://img1.hscicdn.com/image/upload/f_auto,t_ds_square_w_320,q_50/lsci/db/PICTURES/CMS/321600/321604.png"
289,AC Blizzard,Aiden Craig Blizzard,"https://img1.hscicdn.com/image/upload/f_auto,t_h_100_2x/lsci/db/PICTURES/CMS/93300/93336.1.jpg"
290,I Malhotra,Ishan Malhotra,"https://img1.hscicdn.com/image/upload/f_auto,t_h_100_2x/lsci/db/PICTURES/CMS/225300/225382.1.jpg"
291,L Ablish,Love Ablish,"https://img1.hscicdn.com/image/upload/f_auto,t_h_100_2x/lsci/db/PICTURES/CMS/109800/109857.1.jpg"
292,CA Ingram,Colin Alexander Ingram,"https://img1.hscicdn.com/image/upload/f_auto,t_ds_square_w_320,q_50/lsci/db/PICTURES/CMS/322000/322076.png"
293,S Nadeem,Shahbaz Nadeem,"https://img1.hscicdn.com/image/upload/f_auto,t_ds_square_w_320,q_50/lsci/db/PICTURES/CMS/322700/322710.png"
294,P Parameswaran,Prasanth Parameswaran,"https://img1.hscicdn.com/image/upload/f_auto,t_h_100_2x/lsci/db/PICTURES/CMS/293300/293322.jpg"
295,CJ Ferguson,Callum James Ferguson,"https://img1.hscicdn.com/image/upload/f_auto,t_ds_square_w_320,q_50/lsci/db/PICTURES/CMS/321500/321565.png"
296,VR Aaron,Varun Raymond Aaron,"https://img1.hscicdn.com/image/upload/f_auto,t_ds_square_w_320,q_50/lsci/db/PICTURES/CMS/322600/322609.png"
297,AA Chavan,Ankeet Arvind Chavan,"https://img1.hscicdn.com/image/upload/f_auto,t_h_100_2x/lsci/db/PICTURES/CMS/152500/152509.6.jpg"
298,ND Doshi,Nayan Dilip Doshi,"https://img1.hscicdn.com/image/upload/f_auto,t_h_100_2x/lsci/db/PICTURES/CMS/175600/175631.jpg"
299,B Kumar,Bhuvneshwar Kumar,"https://img1.hscicdn.com/image/upload/f_auto,t_ds_square_w_320,q_50/lsci/db/PICTURES/CMS/316600/316658.png"
300,Y Gnaneswara Rao,Yalaka Gnaneswara Rao,"https://img1.hscicdn.com/image/upload/f_auto,t_h_100_2x/lsci/db/PICTURES/CMS/360300/360399.1.png"
301,S Rana,Sandeep Rana,"https://img1.hscicdn.com/image/upload/f_auto,t_ds_square_w_320,q_50/lsci/db/PICTURES/CMS/323000/323055.png"
302,BA Bhatt,Bharat Arun Bhatt,"https://img1.hscicdn.com/image/upload/f_auto,t_h_100_2x/lsci/db/PICTURES/CMS/302400/302467.jpg"
303,F du Plessis,Francois du Plessis,"https://img1.hscicdn.com/image/upload/f_auto,t_ds_square_w_320,q_50/lsci/db/PICTURES/CMS/316500/316559.png"
304,RE Levi,Richard Ernst Levi,"https://img1.hscicdn.com/image/upload/f_auto,t_ds_square_w_320,q_50/lsci/db/PICTURES/CMS/322000/322089.png"
305,GJ Maxwell,Glenn James Maxwell,"https://img1.hscicdn.com/image/upload/f_auto,t_ds_square_w_320,q_50/lsci/db/PICTURES/CMS/316600/316657.png"
306,Steven Smith,Steven Smith,"https://img1.hscicdn.com/image/upload/f_auto,t_ds_square_w_320,q_50/lsci/db/PICTURES/CMS/316600/316609.png"
307,MN Samuels,Marlon Nathaniel Samuels,"https://img1.hscicdn.com/image/upload/f_auto,t_ds_square_w_320,q_50/lsci/db/PICTURES/CMS/316500/316505.png"
308,Suryakumar Ashok Yadav,Suryakumar Ashok Yadav,"https://img1.hscicdn.com/image/upload/f_auto,t_ds_square_w_320,q_50/lsci/db/PICTURES/CMS/331100/331163.png"
309,KK Cooper,Kevon Keston Cooper,"https://img1.hscicdn.com/image/upload/f_auto,t_h_100_2x/lsci/db/PICTURES/CMS/153600/153648.1.jpg"
310,JP Faulkner,James Peter Faulkner,"https://img1.hscicdn.com/image/upload/f_auto,t_ds_square_w_320,q_50/lsci/db/PICTURES/CMS/316600/316610.png"
311,Harshal Vikram Patel,Harshal Vikram Patel,"https://img1.hscicdn.com/image/upload/f_auto,t_ds_square_w_320,q_50/lsci/db/PICTURES/CMS/381300/381372.png"
312,DAJ Bracewell,Douglas Andrew John Bracewell,"https://img1.hscicdn.com/image/upload/f_auto,t_ds_square_w_320,q_50/lsci/db/PICTURES/CMS/321200/321218.png"
313,DJ Harris,Daniel Harris,"https://img1.hscicdn.com/image/upload/f_auto,t_h_100_2x/lsci/db/PICTURES/CMS/68500/68510.1.jpg"
314,Ankit Sharma,Ankit Sharma,"https://img1.hscicdn.com/image/upload/f_auto,t_h_100_2x/lsci/db/PICTURES/CMS/184200/184285.jpg"
315,SP Narine,Sunil Philip Narine,"https://img1.hscicdn.com/image/upload/f_auto,t_ds_square_w_320,q_50/lsci/db/PICTURES/CMS/320100/320119.png"
316,GB Hogg,George Bradley Hogg,"https://img1.hscicdn.com/image/upload/f_auto,t_ds_square_w_320,q_50/lsci/db/PICTURES/CMS/319600/319687.png"
317,RR Bhatkal,Ronit Ramesh Bhatkal,https://www.pngkit.com/png/full/799-7998601_profile-placeholder-person-icon.png
318,CJ McKay,Clinton James McKay,"https://img1.hscicdn.com/image/upload/f_auto,t_ds_square_w_320,q_50/lsci/db/PICTURES/CMS/321500/321570.png"
319,N Saini,Navdeep Saini,"https://img1.hscicdn.com/image/upload/f_auto,t_ds_square_w_320,q_50/lsci/db/PICTURES/CMS/322700/322702.png"
320,DA Miller,David Andrew Miller,"https://img1.hscicdn.com/image/upload/f_auto,t_ds_square_w_320,q_50/lsci/db/PICTURES/CMS/316600/316655.png"
321,Azhar Mahmood,Azhar Mahmood,"https://img1.hscicdn.com/image/upload/f_auto,t_ds_square_w_320,q_50/lsci/db/PICTURES/CMS/322100/322195.png"
322,P Negi,Pawan Negi,"https://img1.hscicdn.com/image/upload/f_auto,t_ds_square_w_320,q_50/lsci/db/PICTURES/CMS/322700/322700.png"
323,RJ Peterson,Robin John Peterson,"https://img1.hscicdn.com/image/upload/f_auto,t_ds_square_w_320,q_50/lsci/db/PICTURES/CMS/320300/320386.png"
324,Nuwan Kulasekara,Nuwan Kulasekara,"https://img1.hscicdn.com/image/upload/f_auto,t_ds_square_w_320,q_50/lsci/db/PICTURES/CMS/316500/316553.png"
325,A Ashish Reddy,Akshath Ashish Reddy,"https://img1.hscicdn.com/image/upload/f_auto,t_h_100_2x/lsci/db/PICTURES/CMS/253400/253460.jpg"
326,V Pratap Singh,Veer Pratap Singh,"https://img1.hscicdn.com/image/upload/f_auto,t_h_100_2x/lsci/db/PICTURES/CMS/314900/314920.jpg"
327,BB Samantray,Biplab Baishya Samantray,https://www.pngkit.com/png/full/799-7998601_profile-placeholder-person-icon.png
328,MJ Clarke,Michael John Clarke,"https://img1.hscicdn.com/image/upload/f_auto,t_ds_square_w_320,q_50/lsci/db/PICTURES/CMS/316400/316498.png"
329,Gurkeerat Singh,Gurkeerat Singh Mann,"https://img1.hscicdn.com/image/upload/f_auto,t_ds_square_w_320,q_50/lsci/db/PICTURES/CMS/322700/322712.png"
330,AP Majumdar,Anustup Prabir Majumdar,https://www.pngkit.com/png/full/799-7998601_profile-placeholder-person-icon.png
331,PA Reddy,Produturi Akshath Reddy,"https://img1.hscicdn.com/image/upload/f_auto,t_h_100_2x/lsci/db/PICTURES/CMS/253400/253460.jpg"
332,K Upadhyay,Kamlesh Upadhyay,https://www.pngkit.com/png/full/799-7998601_profile-placeholder-person-icon.png
333,P Awana,Parvinder Awana,"https://img1.hscicdn.com/image/upload/f_auto,t_h_100_2x/lsci/db/PICTURES/CMS/152400/152489.1.jpg"
334,AD Russell,Andre Dwayne Russell,"https://img1.hscicdn.com/image/upload/f_auto,t_ds_square_w_320,q_50/lsci/db/PICTURES/CMS/316600/316615.png"
335,A Chandila,Ajit Chandila,"https://img1.hscicdn.com/image/upload/f_auto,t_h_100_2x/lsci/db/PICTURES/CMS/145500/145596.jpg"
336,CA Lynn,Christopher Austin Lynn,"https://img1.hscicdn.com/image/upload/f_auto,t_ds_square_w_320,q_50/lsci/db/PICTURES/CMS/321500/321566.png"
337,Sunny Gupta,Sunny Gupta,https://www.pngkit.com/png/full/799-7998601_profile-placeholder-person-icon.png
338,MC Juneja,Manprit Charanjit Juneja,"https://img1.hscicdn.com/image/upload/f_auto,t_h_100_2x/lsci/db/PICTURES/CMS/170800/170827.jpg"
339,KK Nair,Karun Kaladharan Nair,"https://img1.hscicdn.com/image/upload/f_auto,t_ds_square_w_320,q_50/lsci/db/PICTURES/CMS/322200/322267.png"
340,GH Vihari,Gade Hanuma Vihari,"https://img1.hscicdn.com/image/upload/f_auto,t_ds_square_w_320,q_50/lsci/db/PICTURES/CMS/322600/322624.png"
341,kusal perera,kusal perera,"https://img1.hscicdn.com/image/upload/f_auto,t_ds_square_w_320,q_50/lsci/db/PICTURES/CMS/329700/329750.png"
342,R Shukla,Rohit Shukla,"https://img1.hscicdn.com/image/upload/f_auto,t_h_100_2x/lsci/db/PICTURES/CMS/67200/67299.1.jpg"
343,B Laughlin,Benjamin Laughlin,"https://img1.hscicdn.com/image/upload/f_auto,t_h_100_2x/lsci/db/PICTURES/CMS/102200/102203.1.jpg"
344,AS Rajpoot,Ankit Singh Rajpoot,"https://img1.hscicdn.com/image/upload/f_auto,t_ds_square_w_320,q_50/lsci/db/PICTURES/CMS/345000/345085.png"
345,M Vohra,Manan Vohra,"https://img1.hscicdn.com/image/upload/f_auto,t_h_100_2x/lsci/db/PICTURES/CMS/356700/356788.1.png"
346,JD Unadkat,Jaydev Dipakbhai Unadkat,"https://img1.hscicdn.com/image/upload/f_auto,t_ds_square_w_320,q_50/lsci/db/PICTURES/CMS/322600/322698.png"
347,Mohammed Shami,Mohammed Shami Ahmed,"https://img1.hscicdn.com/image/upload/f_auto,t_ds_square_w_320,q_50/lsci/db/PICTURES/CMS/316600/316691.png"
348,Jeevan Mendis,Jeevan Mendis,"https://img1.hscicdn.com/image/upload/f_auto,t_ds_square_w_320,q_50/lsci/db/PICTURES/CMS/316500/316531.png"
349,R Rampaul,Ravi Rampaul,"https://img1.hscicdn.com/image/upload/f_auto,t_ds_square_w_320,q_50/lsci/db/PICTURES/CMS/320100/320111.png"
350,CH Morris,Christopher Henry Morris,"https://img1.hscicdn.com/image/upload/f_auto,t_ds_square_w_320,q_50/lsci/db/PICTURES/CMS/320300/320342.png"
351,SV Samson,Sanju Viswanath Samson,"https://img1.hscicdn.com/image/upload/f_auto,t_ds_square_w_320,q_50/lsci/db/PICTURES/CMS/322700/322701.png"
352,Sachithra Senanayake,Sachithra Senanayake,"https://img1.hscicdn.com/image/upload/f_auto,t_ds_square_w_320,q_50/lsci/db/PICTURES/CMS/316600/316614.png"
353,BJ Rohrer,Ben James Rohrer,"https://img1.hscicdn.com/image/upload/f_auto,t_h_100_2x/lsci/db/PICTURES/CMS/136700/136773.1.jpg"
354,Kannur Lokesh Rahul,Kannur Lokesh Rahul,"https://img1.hscicdn.com/image/upload/f_auto,t_ds_square_w_320,q_50/lsci/db/PICTURES/CMS/319900/319942.png"
355,Q de Kock,Quinton de Kock,"https://img1.hscicdn.com/image/upload/f_auto,t_ds_square_w_320,q_50/lsci/db/PICTURES/CMS/316600/316668.png"
356,R Dhawan,Rishi Dhawan,"https://img1.hscicdn.com/image/upload/f_auto,t_ds_square_w_320,q_50/lsci/db/PICTURES/CMS/380600/380692.png"
357,MG Johnson,Mitchell Guy Johnson,"https://img1.hscicdn.com/image/upload/f_auto,t_ds_square_w_320,q_50/lsci/db/PICTURES/CMS/316500/316504.png"
358,LJ Wright,Luke James Wright,"https://img1.hscicdn.com/image/upload/f_auto,t_ds_square_w_320,q_50/lsci/db/PICTURES/CMS/319700/319799.png"
359,IC Pandey,Ishwar Chandra Pandey,"https://img1.hscicdn.com/image/upload/f_auto,t_h_100_2x/lsci/db/PICTURES/CMS/209900/209973.1.jpg"
360,Chidhambaram Muralidharen Gautam,Chidhambaram Muralidharen Gautam,"https://img1.hscicdn.com/image/upload/f_auto,t_h_100_2x/lsci/db/PICTURES/CMS/191200/191223.1.jpg"
361,X Thalaivan Sargunam,Xavier Thalaivan Sargunam,https://www.pngkit.com/png/full/799-7998601_profile-placeholder-person-icon.png
362,DJG Sammy,Darren Julius Garvey Sammy,"https://img1.hscicdn.com/image/upload/f_auto,t_ds_square_w_320,q_50/lsci/db/PICTURES/CMS/316500/316537.png"
363,KW Richardson,Kane William Richardson,"https://img1.hscicdn.com/image/upload/f_auto,t_ds_square_w_320,q_50/lsci/db/PICTURES/CMS/321500/321594.png"
364,Mohit Mahipal Sharma,Mohit Mahipal Sharma,"https://img1.hscicdn.com/image/upload/f_auto,t_ds_square_w_320,q_50/lsci/db/PICTURES/CMS/316700/316702.png"
365,UA Birla,Unmukt Ajay Birla,https://www.pngkit.com/png/full/799-7998601_profile-placeholder-person-icon.png
366,Parvez Rasool,Parvez Ghulam Rasool,"https://img1.hscicdn.com/image/upload/f_auto,t_ds_square_w_320,q_50/lsci/db/PICTURES/CMS/322600/322621.png"
367,Sandeep Sharma,Sandeep Sharma,"https://img1.hscicdn.com/image/upload/f_auto,t_ds_square_w_320,q_50/lsci/db/PICTURES/CMS/323000/323055.png"
368,S Kaul,Siddarth Kaul,"https://img1.hscicdn.com/image/upload/f_auto,t_ds_square_w_320,q_50/lsci/db/PICTURES/CMS/324200/324220.png"
369,Sachin Baby,Sachin Baby,"https://img1.hscicdn.com/image/upload/f_auto,t_h_100_2x/lsci/db/PICTURES/CMS/281000/281081.1.jpg"
370,PV Tambe,Pravin Vijay Tambe,"https://img1.hscicdn.com/image/upload/f_auto,t_h_100_2x/lsci/db/PICTURES/CMS/309000/309081.jpg"
371,NM Coulter,Nathan Mitchell Coulter-Nile,"https://img1.hscicdn.com/image/upload/f_auto,t_ds_square_w_320,q_50/lsci/db/PICTURES/CMS/316600/316607.png"
372,CJ Anderson,Corey James Anderson,"https://img1.hscicdn.com/image/upload/f_auto,t_ds_square_w_320,q_50/lsci/db/PICTURES/CMS/316600/316617.png"
373,NJ Maddinson,Nicholas James Maddinson,"https://img1.hscicdn.com/image/upload/f_auto,t_ds_square_w_320,q_50/lsci/db/PICTURES/CMS/321500/321599.png"
374,AR Patel,Akshar Rajeshbhai Patel,"https://img1.hscicdn.com/image/upload/f_auto,t_ds_square_w_320,q_50/lsci/db/PICTURES/CMS/331100/331164.png"
375,JJ Bumrah,Jasprit Jasbirsingh Bumrah,"https://img1.hscicdn.com/image/upload/f_auto,t_ds_square_w_320,q_50/lsci/db/PICTURES/CMS/319900/319940.png"
376,JDS Neesham,James Douglas Sheahan Neesham,"https://img1.hscicdn.com/image/upload/f_auto,t_ds_square_w_320,q_50/lsci/db/PICTURES/CMS/319700/319781.png"
377,TG Southee,Timothy Grant Southee,"https://img1.hscicdn.com/image/upload/f_auto,t_ds_square_w_320,q_50/lsci/db/PICTURES/CMS/316500/316596.png"
378,MA Starc,Mitchell Aaron Starc,"https://img1.hscicdn.com/image/upload/f_auto,t_ds_square_w_320,q_50/lsci/db/PICTURES/CMS/316600/316644.png"
379,BR Dunk,Ben Robert Dunk,"https://img1.hscicdn.com/image/upload/f_auto,t_h_100_2x/lsci/db/PICTURES/CMS/312100/312174.jpg"
380,RR Rossouw,Rilee Roscoe Rossouw,"https://img1.hscicdn.com/image/upload/f_auto,t_ds_square_w_320,q_50/lsci/db/PICTURES/CMS/316600/316651.png"
381,Shivam Sharma,Shivam Sharma,"https://img1.hscicdn.com/image/upload/f_auto,t_h_100_2x/lsci/db/PICTURES/CMS/185100/185137.5.jpg"
382,YS Chahal,Yuzvendra Singh Chahal,"https://img1.hscicdn.com/image/upload/f_auto,t_ds_square_w_320,q_50/lsci/db/PICTURES/CMS/319900/319955.png"
383,LMP Simmons,Lendl Mark Platter Simmons,"https://img1.hscicdn.com/image/upload/f_auto,t_ds_square_w_320,q_50/lsci/db/PICTURES/CMS/316500/316545.png"
384,VH Zol,Vijay Hari Zol,"https://img1.hscicdn.com/image/upload/f_auto,t_h_100_2x/lsci/db/PICTURES/CMS/179400/179449.1.jpg"
385,BCJ Cutting,Benjamin Colin James Cutting,"https://img1.hscicdn.com/image/upload/f_auto,t_ds_square_w_320,q_50/lsci/db/PICTURES/CMS/321500/321561.png"
386,Imran Tahir,Imran Tahir,"https://img1.hscicdn.com/image/upload/f_auto,t_ds_square_w_320,q_50/lsci/db/PICTURES/CMS/316500/316526.png"
387,BE Hendricks,Beuran Eric Hendricks,"https://img1.hscicdn.com/image/upload/f_auto,t_ds_square_w_320,q_50/lsci/db/PICTURES/CMS/322000/322078.png"
388,S Gopal,Shreyas Gopal,"https://img1.hscicdn.com/image/upload/f_auto,t_ds_square_w_320,q_50/lsci/db/PICTURES/CMS/322200/322275.png"
389,M de Lange,Marchant de Lange,"https://img1.hscicdn.com/image/upload/f_auto,t_ds_square_w_320,q_50/lsci/db/PICTURES/CMS/322000/322095.png"
390,R Tewatia,Rahul Tewatia,"https://img1.hscicdn.com/image/upload/f_auto,t_ds_square_w_320,q_50/lsci/db/PICTURES/CMS/322200/322269.png"
391,JO Holder,Jason Omar Holder,"https://img1.hscicdn.com/image/upload/f_auto,t_ds_square_w_320,q_50/lsci/db/PICTURES/CMS/316600/316673.png"
392,Karanveer Singh,Karanveer Singh,"https://img1.hscicdn.com/image/upload/f_auto,t_h_100_2x/lsci/db/PICTURES/CMS/186200/186281.1.jpg"
393,SS Iyer,Shreyas Santosh Iyer,"https://img1.hscicdn.com/image/upload/f_auto,t_ds_square_w_320,q_50/lsci/db/PICTURES/CMS/323000/323035.png"
394,DJ Hooda,Deepak Jagbir Hooda,"https://img1.hscicdn.com/image/upload/f_auto,t_ds_square_w_320,q_50/lsci/db/PICTURES/CMS/345000/345083.png"
395,Anureet Singh,Anureet Singh,"https://img1.hscicdn.com/image/upload/f_auto,t_h_100_2x/lsci/db/PICTURES/CMS/314600/314680.1.jpg"
396,KS Williamson,Kane Stuart Williamson,"https://img1.hscicdn.com/image/upload/f_auto,t_ds_square_w_320,q_50/lsci/db/PICTURES/CMS/316600/316618.png"
397,SA Abbott,Sean Anthony Abbott,"https://img1.hscicdn.com/image/upload/f_auto,t_ds_square_w_320,q_50/lsci/db/PICTURES/CMS/321600/321601.png"
398,J Suchith,Jagadeesha Suchith,"https://img1.hscicdn.com/image/upload/f_auto,t_h_100_2x/lsci/db/PICTURES/CMS/309100/309109.png"
399,RG More,Rajagopal More,https://www.pngkit.com/png/full/799-7998601_profile-placeholder-person-icon.png
400,Hardik Himanshu Pandya,Hardik Himanshu Pandya,"https://img1.hscicdn.com/image/upload/f_auto,t_ds_square_w_320,q_50/lsci/db/PICTURES/CMS/319900/319938.png"
401,D Wiese,David Wiese,"https://img1.hscicdn.com/image/upload/f_auto,t_ds_square_w_320,q_50/lsci/db/PICTURES/CMS/322000/322079.png"
402,Sarfaraz Naushad Khan,Sarfaraz Naushad Khan,"https://img1.hscicdn.com/image/upload/f_auto,t_ds_square_w_320,q_50/lsci/db/PICTURES/CMS/339100/339159.png"
403,MJ McClenaghan,Mitchell John McClenaghan,"https://img1.hscicdn.com/image/upload/f_auto,t_ds_square_w_320,q_50/lsci/db/PICTURES/CMS/316600/316652.png"
404,DJ Muthuswami,Dwaraka J Muthuswami,"https://img1.hscicdn.com/image/upload/f_auto,t_h_100_2x/lsci/db/PICTURES/CMS/152700/152718.jpg"
405,PJ Cummins,Patrick James Cummins,"https://img1.hscicdn.com/image/upload/f_auto,t_ds_square_w_320,q_50/lsci/db/PICTURES/CMS/316600/316692.png"
406,SN Thakur,Shardul Narendra Thakur,"https://img1.hscicdn.com/image/upload/f_auto,t_ds_square_w_320,q_50/lsci/db/PICTURES/CMS/322600/322696.png"
407,JC Buttler,Joseph Charles Buttler,"https://img1.hscicdn.com/image/upload/f_auto,t_ds_square_w_320,q_50/lsci/db/PICTURES/CMS/316600/316642.png"
408,CR Brathwaite,Carlos Ricardo Brathwaite,"https://img1.hscicdn.com/image/upload/f_auto,t_ds_square_w_320,q_50/lsci/db/PICTURES/CMS/320000/320085.png"
409,MP Stoinis,Marcus Peter Stoinis,"https://img1.hscicdn.com/image/upload/f_auto,t_ds_square_w_320,q_50/lsci/db/PICTURES/CMS/321500/321596.png"
410,Ishan Kishan,Ishan Kishan,"https://img1.hscicdn.com/image/upload/f_auto,t_ds_square_w_320,q_50/lsci/db/PICTURES/CMS/331100/331165.png"
411,C Munro,Colin Munro,"https://img1.hscicdn.com/image/upload/f_auto,t_ds_square_w_320,q_50/lsci/db/PICTURES/CMS/319700/319772.png"
412,P Sahu,Pravin Sahu,https://www.pngkit.com/png/full/799-7998601_profile-placeholder-person-icon.png
413,KH Pandya,Krunal Himanshu Pandya,"https://img1.hscicdn.com/image/upload/f_auto,t_ds_square_w_320,q_50/lsci/db/PICTURES/CMS/322600/322614.png"
414,AD Nath,Aditya Dasharath Nath,https://www.pngkit.com/png/full/799-7998601_profile-placeholder-person-icon.png
415,MJ Guptill,Martin James Guptill,"https://img1.hscicdn.com/image/upload/f_auto,t_ds_square_w_320,q_50/lsci/db/PICTURES/CMS/316500/316591.png"
416,KJ Abbott,Kyle John Abbott,"https://img1.hscicdn.com/image/upload/f_auto,t_ds_square_w_320,q_50/lsci/db/PICTURES/CMS/316600/316630.png"
417,TM Head,Travis Michael Head,"https://img1.hscicdn.com/image/upload/f_auto,t_ds_square_w_320,q_50/lsci/db/PICTURES/CMS/321500/321584.png"
418,M Ashwin,Murugan Ashwin,"https://img1.hscicdn.com/image/upload/f_auto,t_h_100_2x/lsci/db/PICTURES/CMS/377500/377589.4.jpg"
419,SS Tiwary,Saurabh Sunil Tiwary,"https://img1.hscicdn.com/image/upload/f_auto,t_ds_square_w_320,q_50/lsci/db/PICTURES/CMS/322200/322271.png"
420,PSP Handscomb,Peter Stephen Patrick Handscomb,"https://img1.hscicdn.com/image/upload/f_auto,t_ds_square_w_320,q_50/lsci/db/PICTURES/CMS/321600/321688.png"
421,TS Mills,Tymal Solomon Mills,"https://img1.hscicdn.com/image/upload/f_auto,t_ds_square_w_320,q_50/lsci/db/PICTURES/CMS/323100/323104.png"
422,Mustafizur Rahman,Mustafizur Rahman,"https://img1.hscicdn.com/image/upload/f_auto,t_ds_square_w_320,q_50/lsci/db/PICTURES/CMS/319700/319734.png"
423,Basil Thampi,Basil Thampi,"https://img1.hscicdn.com/image/upload/f_auto,t_h_100_2x/lsci/db/PICTURES/CMS/309000/309057.jpg"
424,AF Milne,Adam Fraser Milne,"https://img1.hscicdn.com/image/upload/f_auto,t_ds_square_w_320,q_50/lsci/db/PICTURES/CMS/316600/316689.png"
425,Mohammad Nabi,Mohammad Nabi,"https://img1.hscicdn.com/image/upload/f_auto,t_ds_square_w_320,q_50/lsci/db/PICTURES/CMS/316500/316558.png"
426,P Rathee,Pardeep Rathee,https://www.pngkit.com/png/full/799-7998601_profile-placeholder-person-icon.png
427,Sandeep Lamichhane,Sandeep Lamichhane,"https://img1.hscicdn.com/image/upload/f_auto,t_ds_square_w_320,q_50/lsci/db/PICTURES/CMS/330400/330467.png"
428,KH Qureishi,Kashif Hussain Qureishi,https://www.pngkit.com/png/full/799-7998601_profile-placeholder-person-icon.png
429,L Ngidi,Lungisani Ngidi,"https://img1.hscicdn.com/image/upload/f_auto,t_ds_square_w_320,q_50/lsci/db/PICTURES/CMS/322000/322069.png"
430,S Dube,Shivam Dube,"https://img1.hscicdn.com/image/upload/f_auto,t_ds_square_w_320,q_50/lsci/db/PICTURES/CMS/322700/322703.png"
431,KMA Paul,Keemo Mandela Angus Paul,"https://img1.hscicdn.com/image/upload/f_auto,t_ds_square_w_320,q_50/lsci/db/PICTURES/CMS/355400/355400.png"
432,MA Wood,Mark Andrew Wood,"https://img1.hscicdn.com/image/upload/f_auto,t_ds_square_w_320,q_50/lsci/db/PICTURES/CMS/316600/316660.png"
433,MA Lomror,Mahipal Lomror,"https://img1.hscicdn.com/image/upload/f_auto,t_h_100_2x/lsci/db/PICTURES/CMS/315000/315015.jpg"
434,TK Curran,Thomas Kevin Curran,"https://img1.hscicdn.com/image/upload/f_auto,t_ds_square_w_320,q_50/lsci/db/PICTURES/CMS/323100/323112.png"
435,MM Ali,Moeen Munir Ali,"https://img1.hscicdn.com/image/upload/f_auto,t_ds_square_w_320,q_50/lsci/db/PICTURES/CMS/316500/316557.png"
436,Imran Khan,Mohammad Imran Khan,"https://img1.hscicdn.com/image/upload/f_auto,t_ds_square_w_320,q_50/lsci/db/PICTURES/CMS/322200/322210.png"
437,Gurkeerat Singh Mann,Gurkeerat Singh Mann,"https://img1.hscicdn.com/image/upload/f_auto,t_ds_square_w_320,q_50/lsci/db/PICTURES/CMS/322700/322712.png"
438,NS Naik,Nikhil Shankar Naik,"https://img1.hscicdn.com/image/upload/f_auto,t_h_100_2x/lsci/db/PICTURES/CMS/204000/204075.jpg"
439,RR Pant,Rishabh Rajendra Pant,"https://img1.hscicdn.com/image/upload/f_auto,t_ds_square_w_320,q_50/lsci/db/PICTURES/CMS/323000/323036.png"
440,SW Billings,Samuel William Billings,"https://img1.hscicdn.com/image/upload/f_auto,t_ds_square_w_320,q_50/lsci/db/PICTURES/CMS/322900/322932.png"
441,KC Cariappa,Konganda Charamanna Cariappa,"https://img1.hscicdn.com/image/upload/f_auto,t_h_100_2x/lsci/db/PICTURES/CMS/356800/356801.1.png"
442,Swapnil Singh,Swapnil Singh,"https://img1.hscicdn.com/image/upload/f_auto,t_ds_square_w_320,q_50/lsci/db/PICTURES/CMS/358000/358047.png"
443,Jayant Yadav,Jayant Yadav,"https://img1.hscicdn.com/image/upload/f_auto,t_ds_square_w_320,q_50/lsci/db/PICTURES/CMS/322500/322553.png"
444,UT Khawaja,Usman Tariq Khawaja,"https://img1.hscicdn.com/image/upload/f_auto,t_ds_square_w_320,q_50/lsci/db/PICTURES/CMS/319700/319716.png"
445,HM Amla,Hashim Mahomed Amla,"https://img1.hscicdn.com/image/upload/f_auto,t_ds_square_w_320,q_50/lsci/db/PICTURES/CMS/316500/316501.png"
446,F Behardien,Farhaan Behardien,"https://img1.hscicdn.com/image/upload/f_auto,t_ds_square_w_320,q_50/lsci/db/PICTURES/CMS/316500/316580.png"
447,BB Sran,Barinder Sran,"https://img1.hscicdn.com/image/upload/f_auto,t_h_100_2x/lsci/db/PICTURES/CMS/231200/231251.5.jpg"
448,A Zampa,Adam Zampa,"https://img1.hscicdn.com/image/upload/f_auto,t_ds_square_w_320,q_50/lsci/db/PICTURES/CMS/321500/321549.png"
449,Nitish Rana,Nitish Rana,"https://img1.hscicdn.com/image/upload/f_auto,t_ds_square_w_320,q_50/lsci/db/PICTURES/CMS/323000/323054.png"
450,S Kaushik,Shivil Kaushik,https://starsunfolded.com/wp-content/uploads/2016/05/Shivil-Kaushik.jpg
451,ER Dwivedi,Eklavya Rakesh Dwivedi,https://alchetron.com/cdn/eklavya-dwivedi-46abd964-9ac3-415b-8262-b2d2849bd5c-resize-750.jpeg
452,CJ Jordan,Christopher James Jordan,"https://img1.hscicdn.com/image/upload/f_auto,t_ds_square_w_320,q_50/lsci/db/PICTURES/CMS/316600/316623.png"
453,P Amarnath,Palani Amarnath,"https://img1.hscicdn.com/image/upload/f_auto,t_h_100_2x/lsci/db/PICTURES/CMS/82800/82851.jpg"
454,B Geeves,Brett Geeves,"https://img1.hscicdn.com/image/upload/f_auto,t_h_100_2x/lsci/db/PICTURES/CMS/66700/66738.jpg"
455,Gagandeep Singh,Gagandeep Singh,"https://img1.hscicdn.com/image/upload/f_auto,t_h_100_2x/lsci/db/PICTURES/CMS/99100/99196.1.jpg"
456,A Nel,Andre Nel,"https://img1.hscicdn.com/image/upload/f_auto,t_ds_square_w_320,q_50/lsci/db/PICTURES/CMS/320300/320335.png"
457,AM Salvi,Aavishkar Madhav Salvi,https://www.sportzcraazy.com/wp-content/uploads/2019/08/Aavishkar-Salvi-Photo.jpg
458,RR Bose,Ranadeb Ranjit Bose,"https://img1.hscicdn.com/image/upload/f_auto,t_h_100_2x/lsci/db/PICTURES/CMS/314200/314220.jpg"
459,SS Sarkar,Sourav Subrata Sarkar,"https://img1.hscicdn.com/image/upload/f_auto,t_h_100_2x/lsci/db/PICTURES/DB/112000/017763.jpg"
460,RA Shaikh,Rahil Akhil Ahmed Shaikh,"https://img1.hscicdn.com/image/upload/f_auto,t_ds_square_w_320,q_50/lsci/db/PICTURES/CMS/322600/322647.png"
461,C Ganapathy,Chandrasekar Ganapathy,https://www.pngkit.com/png/full/799-7998601_profile-placeholder-person-icon.png
462,MB Parmar,Mohnish Bipinbhai Parmar,"https://img1.hscicdn.com/image/upload/f_auto,t_h_100_2x/lsci/db/PICTURES/CMS/67200/67292.1.jpg"
463,AA Kazi,Abrar Anjum Kazi,https://www.sportzcraazy.com/wp-content/uploads/2019/08/kazi.jpg
464,Anand Rajan,Anand Rajan,"https://img1.hscicdn.com/image/upload/f_auto,t_h_100_2x/lsci/db/PICTURES/CMS/152600/152628.1.jpg"
465,P Prasanth,Prasanth Parameswaran,"https://img1.hscicdn.com/image/upload/f_auto,t_h_100_2x/lsci/db/PICTURES/CMS/293300/293322.jpg"
466,SS Mundhe,Shrikant Shrihari Mundhe,"https://img1.hscicdn.com/image/upload/f_auto,t_h_100_2x/lsci/db/PICTURES/CMS/204000/204073.jpg"
467,RW Price,Raymond William Price,"https://img1.hscicdn.com/image/upload/f_auto,t_ds_square_w_320,q_50/lsci/db/PICTURES/CMS/320300/320347.png"
468,TP Sudhindra,Taduri Prakash Chandra Sudhindra,"https://img1.hscicdn.com/image/upload/f_auto,t_h_100_2x/lsci/db/PICTURES/CMS/138600/138640.icon.jpg"
469,BW Hilfenhaus,Benjamin William Hilfenhaus,"https://img1.hscicdn.com/image/upload/f_auto,t_ds_square_w_320,q_50/lsci/db/PICTURES/CMS/321500/321562.png"
470,S Badree,Samuel Badree,"https://img1.hscicdn.com/image/upload/f_auto,t_ds_square_w_320,q_50/lsci/db/PICTURES/CMS/322000/322047.png"
471,P Suyal,Pawan Suyal,"https://img1.hscicdn.com/image/upload/f_auto,t_h_100_2x/lsci/db/PICTURES/CMS/156900/156929.jpg"
472,MG Neser,Michael Gertges Neser,"https://img1.hscicdn.com/image/upload/f_auto,t_ds_square_w_320,q_50/lsci/db/PICTURES/CMS/321600/321609.png"
473,V Shankar,Vijay Shankar,"https://img1.hscicdn.com/image/upload/f_auto,t_ds_square_w_320,q_50/lsci/db/PICTURES/CMS/322600/322613.png"
474,K Santokie,Krishmar Santokie,"https://img1.hscicdn.com/image/upload/f_auto,t_ds_square_w_320,q_50/lsci/db/PICTURES/CMS/322000/322022.png"
475,JW Hastings,John Wayne Hastings,"https://img1.hscicdn.com/image/upload/f_auto,t_ds_square_w_320,q_50/lsci/db/PICTURES/CMS/321500/321595.png"
476,TA Boult,Trent Alexander Boult,"https://img1.hscicdn.com/image/upload/f_auto,t_ds_square_w_320,q_50/lsci/db/PICTURES/CMS/316600/316619.png"
477,GS Sandhu,Gurinder Singh Sandhu,"https://img1.hscicdn.com/image/upload/f_auto,t_h_100_2x/lsci/db/PICTURES/CMS/148100/148150.1.jpg"
478,Mustafizur Rahman,Mustafizur Rahman,"https://img1.hscicdn.com/image/upload/f_auto,t_ds_square_w_320,q_50/lsci/db/PICTURES/CMS/319700/319734.png"
479,AF Milne,Adam Fraser Milne,"https://img1.hscicdn.com/image/upload/f_auto,t_ds_square_w_320,q_50/lsci/db/PICTURES/CMS/322000/322022.png"
480,Kuldeep Yadav,Kuldeep Yadav,"https://img1.hscicdn.com/image/upload/f_auto,t_ds_square_w_320,q_50/lsci/db/PICTURES/CMS/319900/319943.png"
481,T Shamsi,Tabraiz Shamsi,"https://img1.hscicdn.com/image/upload/f_auto,t_ds_square_w_320,q_50/lsci/db/PICTURES/CMS/322000/322068.png"
482,SM Boland,Scott Michael Boland,"https://img1.hscicdn.com/image/upload/f_auto,t_ds_square_w_320,q_50/lsci/db/PICTURES/CMS/321500/321592.png"
483,DL Chahar,Deepak Lokandersingh Chahar,"https://img1.hscicdn.com/image/upload/f_auto,t_ds_square_w_320,q_50/lsci/db/PICTURES/CMS/322700/322704.png"
484,P Dharmani,Pankaj Dharmani,"https://img1.hscicdn.com/image/upload/f_auto,t_h_100_2x/lsci/db/PICTURES/CMS/109800/109862.1.jpg"
485,RV Pawar,Rajesh Vithal Pawar,"https://img1.hscicdn.com/image/upload/f_auto,t_h_100_2x/lsci/db/PICTURES/CMS/98500/98569.1.jpg"
486,KH Devdhar,Kedar Hemant Devdhar,"https://img1.hscicdn.com/image/upload/f_auto,t_h_100_2x/lsci/db/PICTURES/CMS/144000/144034.jpg"
487,Tanmay Mishra,Tanmay Mishra,"https://img1.hscicdn.com/image/upload/f_auto,t_ds_square_w_320,q_50/lsci/db/PICTURES/CMS/321300/321391.png"
488,NM Coulter-Nile,Nathan Mitchell Coulter-Nile,"https://img1.hscicdn.com/image/upload/f_auto,t_ds_square_w_320,q_50/lsci/db/PICTURES/CMS/316600/316607.png"
